{
  "Ninety/SleepSessionManager.swift": 1775746185.6864495,
  "Ninety/SensorPayload.swift": 1775741282.5616353,
  "Ninety/EdgeSensorNode.swift": 1775576469.2290127,
  "Ninety/NinetySiriShortcuts.swift": 1775747804.0366142,
  "Ninety/NinetyApp.swift": 1776264073.7291403,
  "Ninety/SmartAlarmManager.swift": 1776264073.729561,
  "Ninety/SleepHeuristicEngine.swift": 1775572294.3496368,
  "Ninety/Utilities/LiquidGlass.swift": 1776264073.7296588,
  "Ninety/View/Settings/SettingsView.swift": 1776264436.6968071,
  "Ninety/View/Settings/SettingsViewModel.swift": 1776264073.730567,
  "Ninety/View/Settings/ThemePreviewView.swift": 1776264436.6968935,
  "Ninety/View/Schedule/ScheduleViewModel.swift": 1776264073.730375,
  "Ninety/View/Schedule/ScheduleView.swift": 1776264073.7302017,
  "Ninety/View/Schedule/SleepChartView.swift": 1776085213.0982752,
  "Ninety/View/Schedule/RedesignedComponents.swift": 1776264073.7300289,
  "Ninety/View/Root/DiagnosticsView.swift": 1776264073.7298534,
  "Ninety/View/Root/OnboardingView.swift": 1776264073.7299678,
  "NinetyWatch Watch App/WatchSensorManager.swift": 1775741308.7319472,
  "NinetyWatch Watch App/NinetyWatchApp.swift": 1775726830.115961,
  "NinetyWatch Watch App/SensorPayload.swift": 1775741282.5618536,
  "NinetyWatch Watch App/ContentView.swift": 1775726839.028592,
  "README.md": 1775652855.7541552,
  "iOS_watchOS Sleep Tracking Technical Document.md": 1775566873.9906952,
  "CLAUDE.md": 1776264852.2788873,
  "Ninety/Documentation/LiquidGlassReference.md": 1776264073.7289193,
  "graphify-out/GRAPH_REPORT.md": 1776266932.9267259,
  "Ninety/Assets.xcassets/Logo design.imageset/Ninety Logo.png": 1775652855.74834,
  "Ninety/Assets.xcassets/AppIcon.appiconset/NinetyLogo-ezgif.com-resize.png": 1775654296.4881918,
  "NinetyWatch Watch App/Assets.xcassets/AppIcon.appiconset/NinetyLogo-ezgif.com-resize.png": 1775652855.7539175
}